{
"lengthUnit": "mil",
"components": {
	"fields": ["COMPONENT_NO", "COMPONENT_NAME", "LAYER", "X_COORDINATE", "Y_COORDINATE", "ANGLE"],
	"rows": [
		[1, "D1", "B", 750, 4249.99, 270],
		[2, "D2", "B", 1300, 4149.99, 270],
		[3, "RESISTOR", "B", 1300, 3549.99, 270],
		[4, "S1", "B", 2300, 3399.99, 0],
		[5, "U$1", "B", 516.22, 2996.43, 270],
		[6, "U$2", "B", 950, 3549.99, 0],
		[7, "U$3", "B", 1900, 2749.99, 180]
	]
},
"pins": {
	"fields": ["PIN_NO", "PIN_NAME", "PIN_X", "PIN_Y", "LAYER", "PIN_TYPE", "NET_NAME", "NET_TYPE", "PAD_SHAPE", "PAD_SIZEX", "PAD_SIZEY", "HOLE_SIZE", "PAD_ANGLE"],
	"rows": [
		[1, "D1_1-GND", 814.96, 4356.29, "B", "SMD", "N$2", "", "R", 78.74, 47.24, 0, 90],
		[2, "D1_2-DIN", 685.04, 4356.29, "B", "SMD", "N$6", "", "R", 78.74, 47.24, 0, 90],
		[3, "D1_3-VDD", 685.04, 4143.69, "B", "SMD", "N$8", "", "R", 78.74, 47.24, 0, 90],
		[4, "D1_4-DOUT", 814.96, 4143.69, "B", "SMD", "N$7", "", "R", 78.74, 47.24, 0, 90],
		[5, "D2_1-GND", 1364.96, 4256.29, "B", "SMD", "N$2", "", "R", 78.74, 47.24, 0, 90],
		[6, "D2_2-DIN", 1235.04, 4256.29, "B", "SMD", "N$7", "", "R", 78.74, 47.24, 0, 90],
		[7, "D2_3-VDD", 1235.04, 4043.69, "B", "SMD", "N$8", "", "R", 78.74, 47.24, 0, 90],
		[8, "D2_4-DOUT", 1364.96, 4043.69, "B", "SMD", "D2_4-DOUT", "", "R", 78.74, 47.24, 0, 90],
		[9, "RESISTOR_1", 1300, 3605.98, "B", "SMD", "N$3", "", "R", 62.99, 70.98, 0, 270],
		[10, "RESISTOR_2", 1300, 3494.01, "B", "SMD", "SENSE", "", "R", 62.99, 70.98, 0, 270],
		[11, "S1_1", 2152.36, 3399.99, "B", "SMD", "N$5", "", "R", 43.31, 39.37, 0, 0],
		[12, "S1_2", 2447.63, 3399.99, "B", "SMD", "N$2", "", "R", 43.31, 39.37, 0, 0],
		[13, "U$1_+$1", 516.22, 3496.43, "B", "SMD", "N$1", "", "R", 200, 200, 0, 270],
		[14, "U$1_+$2", 516.22, 2496.43, "B", "SMD", "N$1", "", "R", 200, 200, 0, 270],
		[15, "U$1_-", 516.22, 2996.43, "B", "SMD", "N$2", "", "R", 160, 160, 0, 270],
		[16, "U$2_1", 875, 3652.35, "B", "SMD", "N$1", "", "R", 23.62, 86.61, 0, 0],
		[17, "U$2_2", 925, 3652.35, "B", "SMD", "N$6", "", "R", 23.62, 86.61, 0, 0],
		[18, "U$2_3", 975, 3652.35, "B", "SMD", "N$5", "", "R", 23.62, 86.61, 0, 0],
		[19, "U$2_4", 1025, 3652.35, "B", "SMD", "N$3", "", "R", 23.62, 86.61, 0, 0],
		[20, "U$2_5", 1025, 3447.63, "B", "SMD", "SENSE", "", "R", 23.62, 86.61, 0, 0],
		[21, "U$2_6", 975, 3447.63, "B", "SMD", "N$9", "", "R", 23.62, 86.61, 0, 0],
		[22, "U$2_7", 925, 3447.63, "B", "SMD", "N$8", "", "R", 23.62, 86.61, 0, 0],
		[23, "U$2_8", 875, 3447.63, "B", "SMD", "N$2", "", "R", 23.62, 86.61, 0, 0],
		[24, "U$3_GND", 1683.46, 2809.05, "B", "SMD", "N$2", "", "R", 39.37, 118.11, 0, 180],
		[25, "U$3_GPIO1", 1880.31, 2986.21, "B", "SMD", "N$9", "", "R", 39.37, 118.11, 0, 180],
		[26, "U$3_GPIO2", 1880.31, 2809.05, "B", "SMD", "U$3_GPIO2", "", "R", 39.37, 118.11, 0, 180],
		[27, "U$3_SCL", 1781.89, 2809.05, "B", "SMD", "U$3_SCL", "", "R", 39.37, 118.11, 0, 180],
		[28, "U$3_SDA", 1781.89, 2986.21, "B", "SMD", "U$3_SDA", "", "R", 39.37, 118.11, 0, 180],
		[29, "U$3_VCC", 1683.46, 2986.21, "B", "SMD", "N$1", "", "R", 39.37, 118.11, 0, 180]
	]
}
}